time,seconds_elapsed,z,y,x
1761383467383241500,0.068241455078125,0.20975854992866516,-0.9010027647018433,0.21493734419345856
1761383467393310500,0.078310546875,0.10930784791707993,-0.9189580678939819,0.18919016420841217
1761383467403380500,0.08838037109375,0.004960137419402599,-0.8713316917419434,0.19386933743953705
1761383467413449500,0.098449462890625,-0.05625900998711586,-0.6535969972610474,0.24193966388702393
1761383467423519500,0.10851953125,-0.056655291467905045,-0.33727335929870605,0.3159944415092468
1761383467433588500,0.11858837890625,-0.01601145789027214,-0.06502161175012589,0.3987729549407959
1761383467443658500,0.128658447265625,0.0010351707460358739,0.03176858276128769,0.4900088608264923
1761383467453727500,0.1387275390625,-0.052383314818143845,-0.011217767372727394,0.5963917374610901
1761383467463797500,0.148797607421875,-0.13715839385986328,-0.043950412422418594,0.7376090884208679
1761383467473866500,0.158866455078125,-0.20502105355262756,0.0057465690188109875,0.8901512026786804
1761383467483936500,0.1689365234375,-0.2364109456539154,0.0837596133351326,1.009790301322937
1761383467494005500,0.179005615234375,-0.2324604094028473,0.1565893441438675,1.078904390335083
1761383467504075500,0.189075439453125,-0.21717919409275055,0.23952683806419373,1.1035676002502441
1761383467514144500,0.19914453125,-0.215297132730484,0.29078975319862366,1.0895500183105469
1761383467524214500,0.209214599609375,-0.22323840856552124,0.2992474138736725,1.0216463804244995
1761383467534283500,0.219283447265625,-0.2081896811723709,0.30987876653671265,0.891158401966095
1761383467544353500,0.229353515625,-0.17499232292175293,0.38799992203712463,0.725574254989624
1761383467554422300,0.23942236328125,-0.13167786598205566,0.5364006161689758,0.5293126106262207
1761383467564492500,0.249492431640625,-0.08114225417375565,0.716772735118866,0.3128114342689514
1761383467574561500,0.2595615234375,-0.02311757020652294,0.8685375452041626,0.0874137356877327
1761383467584631600,0.269631591796875,0.01733851060271263,0.9454495906829834,-0.1159612238407135
1761383467594700500,0.279700439453125,0.024660339578986168,0.9740378260612488,-0.2764294743537903
1761383467604770300,0.289770263671875,0.0001573928166180849,0.9594993591308594,-0.3966725170612335
1761383467614839600,0.299839599609375,-0.026922160759568214,0.9393064975738525,-0.4824036657810211
1761383467624909300,0.309909423828125,-0.02472958154976368,0.9551275372505188,-0.5294238924980164
1761383467634978600,0.319978515625,0.012577843852341175,1.0307154655456543,-0.5351616740226746
1761383467645048300,0.33004833984375,0.061949387192726135,1.0949653387069702,-0.5149293541908264
1761383467655117600,0.34011767578125,0.1022760346531868,1.1022658348083496,-0.4536641538143158
1761383467665187600,0.3501875,0.1210356131196022,1.0384538173675537,-0.37659814953804016
1761383467675256600,0.360256591796875,0.1289350837469101,0.9176473021507263,-0.26723408699035645
1761383467685326600,0.37032666015625,0.13144031167030334,0.7769189476966858,-0.14266447722911835
1761383467695395600,0.3803955078125,0.1316903829574585,0.6526899337768555,-0.012772786431014538
1761383467705465600,0.390465576171875,0.12808527052402496,0.5498210787773132,0.09979983419179916
1761383467715535400,0.400535400390625,0.11486879736185074,0.45450732111930847,0.17430362105369568
1761383467725604600,0.4106044921875,0.10867667943239212,0.3648171126842499,0.2150590419769287
1761383467735674400,0.42067431640625,0.1137436106801033,0.31014296412467957,0.2193182408809662
1761383467745743600,0.43074365234375,0.11011158674955368,0.27882471680641174,0.19941936433315277
1761383467755813600,0.440813720703125,0.10484226047992706,0.24336764216423035,0.1529056578874588
1761383467765882400,0.45088232421875,0.10517009347677231,0.22262002527713776,0.09564503282308578
1761383467775952600,0.46095263671875,0.1158568263053894,0.21754856407642365,0.033971816301345825
1761383467786021400,0.471021484375,0.13353195786476135,0.21676532924175262,-0.037321537733078
1761383467796091600,0.481091552734375,0.14909254014492035,0.22343841195106506,-0.110394686460495
1761383467806160400,0.491160400390625,0.16048981249332428,0.2254381775856018,-0.1732649952173233
1761383467816230700,0.501230712890625,0.16747501492500305,0.24676983058452606,-0.23641467094421387
1761383467826299400,0.51129931640625,0.1671261340379715,0.29054367542266846,-0.2795048654079437
1761383467836369400,0.521369384765625,0.16962045431137085,0.3265208601951599,-0.3032917082309723
1761383467846438400,0.5314384765625,0.18454959988594055,0.3352773189544678,-0.3093098998069763
1761383467856508400,0.54150830078125,0.20288732647895813,0.3136002719402313,-0.3033284544944763
1761383467866577400,0.551577392578125,0.23487243056297302,0.2908099889755249,-0.28391799330711365
1761383467876647400,0.5616474609375,0.2839483618736267,0.2975429892539978,-0.250080406665802
1761383467886716400,0.57171630859375,0.3421701192855835,0.30659401416778564,-0.20379041135311127
1761383467896786400,0.581786376953125,0.40678080916404724,0.3050650954246521,-0.1429917812347412
1761383467906855700,0.591855712890625,0.46477141976356506,0.2912670075893402,-0.06776200234889984
1761383467916925400,0.601925537109375,0.5205912590026855,0.24519963562488556,0.000788561999797821
1761383467926994700,0.61199462890625,0.570246696472168,0.1798858791589737,0.07236234843730927
1761383467937064400,0.622064453125,0.6062608957290649,0.1134306862950325,0.14321094751358032
1761383467947133400,0.632133544921875,0.6281672716140747,0.06897667050361633,0.2139546275138855
1761383467957203500,0.642203369140625,0.6351966857910156,0.03792234882712364,0.26531529426574707
1761383467967272400,0.6522724609375,0.6236824989318848,0.008046208880841732,0.29083582758903503
1761383467977342500,0.662342529296875,0.6092414855957031,-0.013246296904981136,0.289825439453125
1761383467987411500,0.672411376953125,0.5948085188865662,-0.001788046327419579,0.2695814073085785
1761383467997481500,0.6824814453125,0.5869407057762146,0.04180869832634926,0.2358950823545456
1761383468007550500,0.692550537109375,0.5720430016517639,0.09938517957925797,0.1897270530462265
1761383468017620500,0.702620361328125,0.5532456040382385,0.14871597290039062,0.14887896180152893
1761383468027689500,0.712689453125,0.5289338827133179,0.17482800781726837,0.10161850601434708
1761383468037759500,0.722759521484375,0.49535515904426575,0.17061807215213776,0.06373157352209091
1761383468047829500,0.73282958984375,0.4597923755645752,0.1646462082862854,0.03942197561264038
1761383468057898500,0.7428984375,0.42491641640663147,0.16317534446716309,0.0494660846889019
1761383468067968300,0.75296826171875,0.3901999592781067,0.16613703966140747,0.08845929056406021
1761383468078037500,0.76303759765625,0.3739839792251587,0.2014223337173462,0.14441044628620148
1761383468088107500,0.773107421875,0.35303449630737305,0.2459104359149933,0.21462388336658478
1761383468098176500,0.783176513671875,0.32971611618995667,0.2945152521133423,0.2804361879825592
1761383468108246500,0.79324658203125,0.3008626401424408,0.3517761528491974,0.3321622312068939
1761383468118315500,0.8033154296875,0.2810881435871124,0.4011026918888092,0.35720792412757874
1761383468128385500,0.813385498046875,0.27182191610336304,0.4243110716342926,0.36064019799232483
1761383468138454500,0.82345458984375,0.27032655477523804,0.4221895933151245,0.34544846415519714
1761383468148524500,0.833524658203125,0.26552221179008484,0.41306427121162415,0.3253021836280823
1761383468158593500,0.843593505859375,0.2665848135948181,0.41758471727371216,0.2860056459903717
1761383468168663600,0.85366357421875,0.2765010893344879,0.4291290044784546,0.24294047057628632
1761383468178732300,0.863732177734375,0.296628475189209,0.4373789429664612,0.1868487149477005
1761383468188802600,0.873802490234375,0.30991923809051514,0.42951273918151855,0.1266319751739502
1761383468198871300,0.883871337890625,0.31739234924316406,0.4320600628852844,0.07286994904279709
1761383468208941600,0.893941650390625,0.32234129309654236,0.4849054515361786,0.019889019429683685
1761383468219010600,0.904010498046875,0.3157062828540802,0.5778569579124451,-0.015380021184682846
1761383468229080300,0.914080322265625,0.30023226141929626,0.6453659534454346,-0.023694943636655807
1761383468239149600,0.924149658203125,0.2706831693649292,0.697567880153656,-0.009951966814696789
1761383468249219300,0.93421923828125,0.23944401741027832,0.7398362755775452,0.011755459010601044
1761383468259288600,0.94428857421875,0.2177104949951172,0.7689438462257385,0.028429243713617325
1761383468269358300,0.9543583984375,0.21131864190101624,0.7600914835929871,0.032401882112026215
1761383468279427600,0.964427490234375,0.2161882221698761,0.7319149374961853,0.033180322498083115
1761383468289497300,0.974497314453125,0.23196585476398468,0.7041872143745422,0.014640728011727333
1761383468299566600,0.984566650390625,0.2477986216545105,0.6782333254814148,-0.025464879348874092
1761383468309636600,0.99463671875,0.27510401606559753,0.6585874557495117,-0.07315544039011002
1761383468319706400,1.004706298828125,0.30339157581329346,0.6326032876968384,-0.1045871302485466
1761383468329775600,1.014775634765625,0.31435978412628174,0.595420241355896,-0.10408538579940796
1761383468339845400,1.024845458984375,0.31114909052848816,0.5590643286705017,-0.08824250847101212
1761383468349914600,1.03491455078125,0.30503952503204346,0.5089535117149353,-0.06293768435716629
1761383468359984400,1.044984375,0.2957339286804199,0.48143187165260315,-0.04177301377058029
1761383468370053600,1.0550537109375,0.29360073804855347,0.49318814277648926,-0.02376232109963894
1761383468380123400,1.065123291015625,0.30587896704673767,0.5342311859130859,-0.014948057010769844
1761383468390192400,1.0751923828125,0.3226880431175232,0.5893836617469788,-0.013228187337517738
1761383468400262700,1.0852626953125,0.3460730016231537,0.6362270712852478,-0.01708737388253212
1761383468410331400,1.095331298828125,0.38238438963890076,0.6914551258087158,-0.014282266609370708
1761383468420401700,1.105401611328125,0.4165428876876831,0.7400588989257812,-0.006579073145985603
1761383468430470400,1.115470458984375,0.424472451210022,0.7813860774040222,0.015446067787706852
1761383468440540700,1.125540771484375,0.41896262764930725,0.5818748474121094,-0.01245240867137909
1761383468450609400,1.135609375,0.4391542077064514,0.4529309868812561,-0.055803343653678894
1761383468460679400,1.145679443359375,0.4603430926799774,0.42924565076828003,-0.12074319273233414
1761383468470748400,1.15574853515625,0.4980601370334625,0.4428381323814392,-0.22883132100105286
1761383468480818400,1.165818359375,0.5498543381690979,0.5164322257041931,-0.34338507056236267
1761383468490887400,1.175887451171875,0.6084465384483337,0.6236745119094849,-0.4422557055950165
1761383468500957400,1.18595751953125,0.6504736542701721,0.6949055194854736,-0.5227603912353516
1761383468511026400,1.1960263671875,0.685093104839325,0.7183195352554321,-0.578092098236084
1761383468521096400,1.206096435546875,0.6821841597557068,0.7684852480888367,-0.6041519641876221
1761383468531165700,1.216165771484375,0.6528432965278625,0.7992647290229797,-0.6224353313446045
1761383468541235500,1.2262353515625,0.6308568120002747,0.8239849805831909,-0.6175039410591125
1761383468551304700,1.2363046875,0.6554350852966309,0.8078581690788269,-0.5747644901275635
1761383468561374500,1.24637451171875,0.7042609453201294,0.7043773531913757,-0.48929673433303833
1761383468571444500,1.256444580078125,0.7558857798576355,0.5148265957832336,-0.37524232268333435
1761383468581513500,1.266513427734375,0.8024477362632751,0.2859784960746765,-0.26593634486198425
1761383468591583500,1.27658349609375,0.8682070374488831,0.14544028043746948,-0.1754826009273529
1761383468601652500,1.286652587890625,0.9111534357070923,0.12780137360095978,-0.10505770891904831
1761383468611722500,1.296722412109375,0.9144024848937988,0.1798246204853058,-0.0725458413362503
1761383468621791500,1.30679150390625,0.8945030570030212,0.2423604428768158,-0.08468346297740936
1761383468631861500,1.316861572265625,0.8529620170593262,0.3191814422607422,-0.12331820279359818
1761383468641930500,1.326930419921875,0.7786771655082703,0.3896167278289795,-0.18136925995349884
1761383468652000500,1.33700048828125,0.6776549220085144,0.4872063994407654,-0.2555156648159027
1761383468662069500,1.347069580078125,0.5755666494369507,0.5998823642730713,-0.34574541449546814
1761383468672139500,1.357139404296875,0.4889547824859619,0.7060695290565491,-0.45345884561538696
1761383468682208500,1.36720849609375,0.4075520634651184,0.8399988412857056,-0.5827822089195251
1761383468692278300,1.3772783203125,0.2915692627429962,0.8054350018501282,-0.8235146403312683
1761383468702347500,1.387347412109375,0.23918195068836212,0.5368578433990479,-1.1139861345291138
1761383468712417500,1.39741748046875,0.2511398196220398,0.5501108169555664,-1.3862674236297607
1761383468722486300,1.407486328125,0.29846444725990295,0.582876980304718,-1.6917389631271362
1761383468732556300,1.417556396484375,0.3789435923099518,-0.022539397701621056,-1.8423556089401245
1761383468742625300,1.427625244140625,0.425886869430542,-0.273805171251297,-1.857770323753357
1761383468752695300,1.4376953125,0.4733177721500397,-0.07614722847938538,-1.7485612630844116
1761383468762764300,1.447764404296875,0.6055082678794861,0.3872678279876709,-1.481487512588501
1761383468772834300,1.457834228515625,0.7626241445541382,0.40405187010765076,-1.3757083415985107
1761383468782904300,1.467904296875,0.9056912660598755,0.36846059560775757,-1.4436132907867432
1761383468792973300,1.477973388671875,1.0849984884262085,0.6138184070587158,-1.529680609703064
1761383468803043300,1.488043212890625,1.2491661310195923,0.9580479860305786,-1.6318479776382446
1761383468813112300,1.4981123046875,1.4255847930908203,1.230377197265625,-1.721125602722168
1761383468823182300,1.508182373046875,1.6546366214752197,1.3881537914276123,-1.6941787004470825
1761383468833251300,1.518251220703125,1.9346208572387695,1.419415831565857,-1.5174846649169922
1761383468843321300,1.5283212890625,2.195873737335205,1.3114100694656372,-1.265403389930725
1761383468853390300,1.538390380859375,2.3604323863983154,1.1427028179168701,-1.0160553455352783
1761383468863460400,1.54846044921875,2.3832361698150635,0.9161801338195801,-0.8895922303199768
1761383468873529000,1.558529052734375,2.3908300399780273,0.8929656147956848,-0.8151299357414246
1761383468883599400,1.568599365234375,2.4109649658203125,1.2347314357757568,-0.864107608795166
1761383468893668000,1.578668212890625,2.5550789833068848,1.400065302848816,-0.8304330110549927
1761383468903738400,1.58873828125,2.7231533527374268,1.3248653411865234,-0.6256377696990967
1761383468913807400,1.598807373046875,2.7721095085144043,1.1261858940124512,-0.3562169671058655
1761383468923877000,1.608877197265625,2.4910154342651367,0.9341708421707153,-0.16677486896514893
1761383468933946400,1.6189462890625,2.1026666164398193,0.93687504529953,0.045103829354047775
1761383468944016100,1.62901611328125,2.0140116214752197,0.9946885108947754,0.44664353132247925
1761383468954085400,1.63908544921875,2.130056858062744,0.928069531917572,0.9960736632347107
1761383468964155100,1.649155029296875,2.2640926837921143,0.8326415419578552,1.5378894805908203
1761383468974224400,1.659224365234375,2.3392672538757324,0.783111572265625,1.9692952632904053
1761383468984294100,1.669294189453125,2.322086811065674,0.7620710134506226,2.2402830123901367
1761383468994364200,1.6793642578125,2.296865940093994,0.8037441372871399,2.4377615451812744
1761383469004433400,1.689433349609375,2.4102468490600586,0.8309904336929321,2.6794753074645996
1761383469014503200,1.699503173828125,2.6778390407562256,0.8743535876274109,2.978999137878418
1761383469024572400,1.709572509765625,3.0211710929870605,0.8816293478012085,3.245086431503296
1761383469034642200,1.71964208984375,3.2032032012939453,0.7039621472358704,3.238570213317871
1761383469044711400,1.72971142578125,2.730212688446045,0.08875836431980133,2.2670669555664062
1761383469054781200,1.73978125,2.0755810737609863,0.0079748360440135,0.9776677489280701
1761383469064850400,1.749850341796875,1.562935709953308,0.41421768069267273,0.0067481836304068565
1761383469074920200,1.759920166015625,1.3958407640457153,0.5239654779434204,-0.3369964063167572
1761383469084989200,1.7699892578125,1.3690721988677979,0.27311354875564575,-0.34473901987075806
1761383469095059500,1.7800595703125,1.3451615571975708,-0.12951937317848206,-0.2867042124271393
1761383469105128200,1.790128173828125,1.437188744544983,-0.6947683691978455,-0.2380802035331726
1761383469115198500,1.800198486328125,1.868676781654358,-1.364945411682129,0.22388556599617004
1761383469125267200,1.81026708984375,2.037734031677246,-1.379125952720642,0.2665001451969147
1761383469135337500,1.82033740234375,1.8466860055923462,-1.5876351594924927,0.06085642799735069
1761383469145406200,1.83040625,1.5211371183395386,-1.8230674266815186,-0.07090985774993896
1761383469155476200,1.840476318359375,1.2032856941223145,-2.1602728366851807,-0.171178936958313
1761383469165545200,1.850545166015625,1.072352409362793,-2.594740629196167,-0.26183614134788513
1761383469175615200,1.860615234375,1.1506677865982056,-3.364980936050415,-0.24413171410560608
1761383469185685200,1.870685302734375,1.3117873668670654,-4.198968410491943,-0.06175604090094566
1761383469195754200,1.880754150390625,1.5829190015792847,-5.090335845947266,-0.022113824263215065
1761383469205824300,1.89082421875,2.06196665763855,-5.67894172668457,0.028308870270848274
1761383469215893200,1.900893310546875,2.5100016593933105,-6.161078453063965,0.2457599639892578
1761383469225963300,1.91096337890625,2.7073769569396973,-6.464009761810303,0.5839494466781616
1761383469236032300,1.9210322265625,2.661454200744629,-6.430415630340576,0.9111992120742798
1761383469246102300,1.931102294921875,2.3376572132110596,-6.207700729370117,1.1198142766952515
1761383469256171300,1.941171142578125,1.772226333618164,-5.780404090881348,1.1913866996765137
1761383469266241300,1.9512412109375,0.9302791953086853,-5.043426036834717,1.2075355052947998
1761383469276310300,1.961310302734375,-0.219743013381958,-4.025182247161865,1.128169298171997
1761383469286380300,1.97138037109375,-1.5751534700393677,-2.8706603050231934,0.9799657464027405
1761383469296449300,1.98144921875,-2.9983742237091064,-1.7184842824935913,0.8889290690422058
1761383469306519300,1.991519287109375,-4.366405963897705,-0.5921837091445923,0.837289571762085
1761383469316588300,2.00158837890625,-5.584754943847656,0.4706604480743408,0.9347442388534546
1761383469326658300,2.011658203125,-6.658021926879883,1.2889699935913086,1.2543907165527344
1761383469336727300,2.021727294921875,-7.553147792816162,1.848497748374939,1.6854448318481445
1761383469346797300,2.03179736328125,-8.249120712280273,2.246558904647827,2.070981025695801
1761383469356866300,2.0418662109375,-8.837526321411133,2.381101369857788,2.286663293838501
1761383469366936300,2.051936279296875,-9.382938385009766,2.24398136138916,2.2848622798919678
1761383469377006300,2.06200634765625,-9.902605056762695,1.9464037418365479,2.1025197505950928
1761383469387075000,2.072074951171875,-10.276568412780762,2.002054452896118,1.7529217004776
1761383469397145300,2.082145263671875,-10.566834449768066,2.655668020248413,1.287439227104187
1761383469407214000,2.092214111328125,-10.809764862060547,3.6635186672210693,0.9402878880500793
1761383469417284400,2.102284423828125,-10.860478401184082,4.453858375549316,0.7268299460411072
1761383469427353300,2.112353271484375,-10.435529708862305,4.479979038238525,0.5628002285957336
1761383469437423000,2.122423095703125,-9.032215118408203,3.8030245304107666,0.45233258605003357
1761383469447492400,2.132492431640625,-6.484819412231445,2.2223615646362305,0.41481661796569824
1761383469457562000,2.14256201171875,-3.0543265342712402,-0.2778182923793793,0.5033326745033264
1761383469467631400,2.15263134765625,0.6447443962097168,-3.0490307807922363,0.5275434255599976
1761383469477701000,2.162701171875,3.9376378059387207,-5.153011798858643,0.23542051017284393
1761383469487770400,2.172770263671875,6.517073154449463,-6.131684303283691,-0.2163645327091217
1761383469497840000,2.182840087890625,8.333917617797852,-6.593523025512695,-0.43002113699913025
1761383469507909400,2.192909423828125,9.571615219116211,-6.793148517608643,-0.26224014163017273
1761383469517979400,2.2029794921875,10.345640182495117,-6.637873649597168,0.092145636677742
1761383469528048400,2.21304833984375,10.761098861694336,-6.13205623626709,0.3956591784954071
1761383469538118400,2.223118408203125,10.877351760864258,-5.539520740509033,0.5773749351501465
1761383469548187100,2.233187255859375,10.766401290893555,-5.1390509605407715,0.6371517181396484
1761383469558257400,2.24325732421875,10.402786254882812,-4.982295036315918,0.5418952107429504
1761383469568326100,2.253326171875,9.699114799499512,-4.991384506225586,0.3786189556121826
1761383469578396400,2.263396484375,8.671516418457031,-4.838803768157959,0.30504778027534485
1761383469588466200,2.273466064453125,7.399845600128174,-4.207870960235596,0.45024973154067993
1761383469598535400,2.283535400390625,5.912283420562744,-3.2775654792785645,0.8482988476753235
1761383469608605400,2.29360546875,4.198004722595215,-2.2800161838531494,1.3214162588119507
1761383469618674200,2.303674072265625,2.380624294281006,-1.2792949676513672,1.6406478881835938
1761383469628744400,2.313744384765625,0.5506897568702698,-0.39570125937461853,1.7245019674301147
1761383469638813200,2.323813232421875,-1.0790399312973022,0.40001344680786133,1.5298839807510376
1761383469648883500,2.333883544921875,-2.406841993331909,1.0847371816635132,1.1284916400909424
1761383469658952200,2.3439521484375,-3.5002121925354004,1.4617997407913208,0.6572191715240479
1761383469669022200,2.354022216796875,-4.371236324310303,1.5966463088989258,0.18030798435211182
1761383469679091200,2.36409130859375,-5.016544342041016,1.616884708404541,-0.27948862314224243
1761383469689161200,2.3741611328125,-5.550734996795654,1.5898538827896118,-0.6652672290802002
1761383469699230200,2.384230224609375,-6.04821252822876,1.6405469179153442,-1.0056500434875488
1761383469709300200,2.39430029296875,-6.552326679229736,1.8946596384048462,-1.2984141111373901
1761383469719370200,2.404370361328125,-7.152457237243652,2.3779146671295166,-1.4981660842895508
1761383469729440500,2.4144404296875,-7.851970195770264,3.0773236751556396,-1.5474216938018799
1761383469739510500,2.424510498046875,-8.57448959350586,3.966377019882202,-1.4201828241348267
1761383469749579500,2.43457958984375,-9.264897346496582,4.888923645019531,-1.1131060123443604
1761383469759649500,2.4446494140625,-9.744245529174805,5.658520698547363,-0.7846639156341553
1761383469769718500,2.454718505859375,-9.753110885620117,5.676161289215088,-0.6632067561149597
1761383469779788500,2.46478857421875,-8.911587715148926,4.595372676849365,-0.686062753200531
1761383469789857300,2.474857177734375,-6.782688617706299,2.6216869354248047,-0.6800376176834106
1761383469799927600,2.484927490234375,-3.350881576538086,0.09730204939842224,-0.4811650216579437
1761383469809996300,2.494996337890625,0.58271723985672,-2.357739210128784,0.06209346279501915
1761383469820066600,2.505066650390625,4.196515083312988,-4.197398662567139,0.6525676846504211
1761383469830135600,2.515135498046875,7.109511852264404,-5.363576412200928,1.012283205986023
1761383469840205300,2.525205322265625,9.192475318908691,-5.998798847198486,1.4117624759674072
1761383469850274600,2.535274658203125,10.488216400146484,-6.0647735595703125,1.9893581867218018
1761383469860344300,2.54534423828125,11.160337448120117,-5.738162994384766,2.6364033222198486
1761383469870413600,2.55541357421875,11.369081497192383,-5.098611354827881,3.1639151573181152
1761383469880483300,2.5654833984375,11.256489753723145,-4.25889778137207,3.3521275520324707
1761383469890552600,2.575552490234375,10.905224800109863,-3.5739989280700684,3.235469102859497
1761383469900622300,2.585622314453125,10.19462776184082,-3.44150972366333,3.0249173641204834
1761383469910691600,2.595691650390625,9.104501724243164,-3.403226375579834,2.7725465297698975
1761383469920761600,2.60576171875,7.659573554992676,-3.1071395874023438,2.608137845993042
1761383469930831400,2.615831298828125,5.918899059295654,-2.509131669998169,2.4557180404663086
1761383469940900600,2.625900634765625,3.88804292678833,-1.849725365638733,2.199289321899414
1761383469950970400,2.635970458984375,1.740256428718567,-1.188750982284546,1.776868224143982
1761383469961039600,2.64603955078125,-0.29284438490867615,-0.41804224252700806,1.1632013320922852
1761383469971109400,2.656109375,-2.0292811393737793,0.3796810209751129,0.533099353313446
1761383469981178600,2.6661787109375,-3.437023639678955,0.9314243197441101,0.07699065655469894
1761383469991248400,2.676248291015625,-4.518446445465088,1.2155444622039795,-0.2635599970817566
1761383470001317400,2.6863173828125,-5.318747043609619,1.2716455459594727,-0.6083315014839172
1761383470011387600,2.6963876953125,-5.951812267303467,1.1757880449295044,-0.9839043021202087
1761383470021456400,2.706456298828125,-6.542623043060303,1.1227340698242188,-1.3957278728485107
1761383470031526700,2.716526611328125,-7.188191890716553,1.2393670082092285,-1.83669912815094
1761383470041595400,2.726595458984375,-7.909862041473389,1.6545908451080322,-2.3394508361816406
1761383470051665700,2.736665771484375,-8.744885444641113,2.4514639377593994,-2.7711799144744873
1761383470061734400,2.746734375,-9.700858116149902,3.556912660598755,-2.884631872177124
1761383470071804400,2.756804443359375,-10.641910552978516,4.798855304718018,-2.5866918563842773
1761383470081874400,2.76687451171875,-11.354911804199219,5.838170051574707,-1.9362269639968872
1761383470091943400,2.776943359375,-11.553802490234375,6.125811576843262,-1.1592113971710205
1761383470102013700,2.787013671875,-10.814547538757324,5.602825164794922,-0.44406798481941223
1761383470112082400,2.79708251953125,-8.921740531921387,4.21579647064209,0.2469879537820816
1761383470122152400,2.80715234375,-5.8592095375061035,2.092499017715454,0.9866343140602112
1761383470132221400,2.817221435546875,-2.129063606262207,-0.13839063048362732,1.520291805267334
1761383470142291500,2.82729150390625,1.4991074800491333,-2.0272974967956543,1.5685073137283325
1761383470152360400,2.8373603515625,4.676481246948242,-3.290832281112671,1.1866604089736938
1761383470162430500,2.847430419921875,7.142590045928955,-4.138075351715088,0.7981749176979065
1761383470172499500,2.85749951171875,8.889562606811523,-4.577994346618652,0.6750410199165344
1761383470182569500,2.867569580078125,10.048144340515137,-4.605255126953125,0.7769639492034912
1761383470192638500,2.877638427734375,10.788809776306152,-4.262260913848877,0.971695601940155
1761383470202708500,2.88770849609375,11.182981491088867,-3.780212640762329,1.1372499465942383
1761383470212777500,2.897777587890625,11.356812477111816,-3.2983686923980713,1.1923595666885376
1761383470222847500,2.907847412109375,11.397171020507812,-3.042114734649658,1.1665202379226685
1761383470232916500,2.91791650390625,11.16037368774414,-3.332641363143921,1.1752982139587402
1761383470242986500,2.927986572265625,10.513121604919434,-3.81437349319458,1.2539970874786377
1761383470253055500,2.938055419921875,9.401087760925293,-4.016718864440918,1.3707129955291748
1761383470263125500,2.94812548828125,7.764464855194092,-3.604069948196411,1.449007511138916
1761383470273195500,2.958195556640625,5.5280609130859375,-2.5155527591705322,1.4105994701385498
1761383470283264500,2.968264404296875,2.9169347286224365,-1.0207891464233398,1.2055981159210205
1761383470293334500,2.97833447265625,0.25923049449920654,0.37492114305496216,0.9013756513595581
1761383470303403300,2.9884033203125,-2.1170966625213623,1.3856568336486816,0.48007047176361084
1761383470313473500,2.9984736328125,-3.9762983322143555,1.9408366680145264,-0.02322649210691452
1761383470323542500,3.00854248046875,-5.326405048370361,2.0484983921051025,-0.49873924255371094
1761383470333612500,3.018612548828125,-6.246506690979004,1.9191298484802246,-0.9700782299041748
1761383470343681500,3.028681640625,-6.89681339263916,1.6843361854553223,-1.4403985738754272
1761383470353751300,3.038751220703125,-7.416380882263184,1.4546641111373901,-1.9127843379974365
1761383470363820500,3.048820556640625,-7.945666790008545,1.4092947244644165,-2.3464810848236084
1761383470373890300,3.058890380859375,-8.622152328491211,1.5934382677078247,-2.635240316390991
1761383470383959600,3.06895947265625,-9.484314918518066,2.1014442443847656,-2.7390143871307373
1761383470394029300,3.079029296875,-10.42596435546875,3.1349387168884277,-2.637239456176758
1761383470404098600,3.0890986328125,-11.342299461364746,4.540302753448486,-2.2142879962921143
1761383470414168600,3.09916845703125,-12.076828956604004,5.67793083190918,-1.4371745586395264
1761383470424238300,3.10923828125,-12.347509384155273,6.092874526977539,-0.5104475617408752
1761383470434307600,3.1193076171875,-11.827986717224121,5.646933555603027,0.4174211919307709
1761383470444377300,3.12937744140625,-10.349928855895996,4.471432685852051,1.292155385017395
1761383470454446600,3.139446533203125,-7.885852336883545,2.772228717803955,2.028475284576416
1761383470464516400,3.149516357421875,-4.687956809997559,0.8837763667106628,2.402869939804077
1761383470474585600,3.159585693359375,-1.1833170652389526,-0.7531158328056335,2.200991630554199
1761383470484655400,3.1696552734375,2.186048746109009,-2.122647762298584,1.4602316617965698
1761383470494724600,3.179724609375,5.092808723449707,-3.316396951675415,0.5536109805107117
1761383470504794600,3.189794677734375,7.544744968414307,-4.201772689819336,-0.157298281788826
1761383470514863600,3.199863525390625,9.411559104919434,-4.729684352874756,-0.41084960103034973
1761383470524933600,3.20993359375,10.680449485778809,-4.725215911865234,-0.26165398955345154
1761383470535002400,3.22000244140625,11.441911697387695,-4.199660778045654,0.051180098205804825
1761383470545072600,3.23007275390625,11.887236595153809,-3.3734219074249268,0.3152482211589813
1761383470555141400,3.240141357421875,12.167037963867188,-2.498485565185547,0.4740125834941864
1761383470565211600,3.250211669921875,12.355213165283203,-2.023568630218506,0.550976574420929
1761383470575280400,3.2602802734375,12.423895835876465,-2.4937682151794434,0.5823225378990173
1761383470585350400,3.270350341796875,12.281015396118164,-3.7498180866241455,0.6337242126464844
1761383470595419400,3.28041943359375,11.803351402282715,-5.12449836730957,0.861570417881012
1761383470605489400,3.290489501953125,10.779108047485352,-5.713576316833496,1.3398544788360596
1761383470615559700,3.3005595703125,8.841642379760742,-4.721781253814697,1.923827052116394
1761383470625628400,3.31062841796875,5.799640655517578,-2.3835079669952393,2.210371971130371
1761383470635698400,3.320698486328125,2.2695391178131104,-0.12987704575061798,1.9433197975158691
1761383470645767400,3.330767333984375,-0.9653809666633606,1.7203583717346191,1.3340554237365723
1761383470655837400,3.34083740234375,-3.6012532711029053,2.5492138862609863,0.2910800576210022
1761383470665906400,3.350906494140625,-5.470765590667725,2.627880096435547,-0.8402747511863708
1761383470675976400,3.3609765625,-6.618103504180908,2.359225034713745,-1.7423830032348633
1761383470686045400,3.37104541015625,-7.257440090179443,1.9815939664840698,-2.3287484645843506
1761383470696115500,3.381115478515625,-7.63216495513916,1.6335453987121582,-2.6936275959014893
1761383470706184400,3.391184326171875,-7.948267936706543,1.467756986618042,-2.9265024662017822
1761383470716254500,3.40125439453125,-8.38138198852539,1.5182055234909058,-3.0718939304351807
1761383470726326300,3.411326171875,-9.014010429382324,1.866654872894287,-3.1227126121520996
1761383470736396000,3.42139599609375,-9.858539581298828,2.5899300575256348,-2.9754955768585205
1761383470746465300,3.43146533203125,-10.876249313354492,3.60508394241333,-2.5560970306396484
1761383470756535000,3.44153515625,-11.859770774841309,4.802749156951904,-1.9023503065109253
1761383470766605000,3.45160498046875,-12.533553123474121,5.818580150604248,-1.0280451774597168
1761383470776674000,3.461674072265625,-12.618509292602539,6.144119739532471,-0.036255743354558945
1761383470786744000,3.471744140625,-11.809779167175293,5.476856708526611,0.9409488439559937
1761383470796813000,3.48181298828125,-9.915719032287598,3.9777777194976807,1.755255937576294
1761383470806883000,3.491883056640625,-6.84981107711792,2.4348227977752686,2.3368537425994873
1761383470816952000,3.5019521484375,-3.1636910438537598,1.0471123456954956,2.677684783935547
1761383470827022000,3.51202197265625,0.36194488406181335,-0.42333874106407166,2.5828542709350586
1761383470837091300,3.52209130859375,3.515347480773926,-1.6831228733062744,1.859567403793335
1761383470847161000,3.5321611328125,6.178974628448486,-2.723607301712036,0.8743700981140137
1761383470857230000,3.54222998046875,8.196523666381836,-3.4679510593414307,0.12599095702171326
1761383470867300000,3.552300048828125,9.622944831848145,-3.6750693321228027,-0.27060991525650024
1761383470877369000,3.562369140625,10.51401138305664,-3.3679287433624268,-0.4500475823879242
1761383470887439000,3.572439208984375,10.97280502319336,-2.6985201835632324,-0.5143299102783203
1761383470897508000,3.582508056640625,11.184699058532715,-1.8259491920471191,-0.5853431224822998
1761383470907578000,3.592578125,11.270023345947266,-1.0835920572280884,-0.7110419273376465
1761383470917647000,3.602647216796875,11.3663969039917,-0.7976910471916199,-0.8880630135536194
1761383470927717000,3.612717041015625,11.469276428222656,-1.414779543876648,-1.0125048160552979
1761383470937786000,3.6227861328125,11.434324264526367,-2.87172269821167,-0.9679855704307556
1761383470947856100,3.632856201171875,11.115486145019531,-4.368048667907715,-0.6460152268409729
1761383470957926100,3.642926025390625,10.198079109191895,-5.0233588218688965,0.10799410939216614
1761383470967995100,3.6529951171875,8.425385475158691,-4.440908908843994,1.0868277549743652
1761383470978065000,3.66306494140625,5.864156246185303,-2.702573299407959,1.852445363998413
1761383470988134100,3.673134033203125,2.9592206478118896,-0.679031252861023,2.2643887996673584
1761383470998204000,3.683203857421875,0.1870870590209961,0.8060922622680664,2.297907829284668
1761383471008273200,3.693273193359375,-2.0735812187194824,1.6044820547103882,1.886077880859375
1761383471018343200,3.70334326171875,-3.808034896850586,1.8574634790420532,1.0729423761367798
1761383471028412200,3.713412109375,-5.17761754989624,1.8315969705581665,0.07410059124231339
1761383471038482200,3.723482177734375,-6.302282333374023,1.8336117267608643,-0.8368586897850037
1761383471048551200,3.73355126953125,-7.238823890686035,1.9801452159881592,-1.4171029329299927
1761383471058621200,3.74362109375,-8.048467636108398,2.2632036209106445,-1.588047742843628
1761383471068690200,3.753690185546875,-8.806174278259277,2.688619375228882,-1.3621538877487183
1761383471078760200,3.76376025390625,-9.539318084716797,3.2455625534057617,-0.8120492100715637
1761383471088829000,3.773828857421875,-10.24295711517334,3.793485403060913,-0.03473161533474922
1761383471098899200,3.783899169921875,-10.835942268371582,4.040571689605713,0.794464647769928
1761383471108968000,3.793968017578125,-11.172727584838867,3.7796897888183594,1.4672414064407349
1761383471119038200,3.8040380859375,-10.96615982055664,3.2115094661712646,1.832810640335083
1761383471129108200,3.814108154296875,-9.990694999694824,2.524993658065796,1.996232032775879
1761383471139177000,3.824177001953125,-8.206490516662598,1.706681728363037,2.242410182952881
1761383471149247200,3.834247314453125,-5.7344794273376465,0.9118876457214355,2.6394314765930176
1761383471159316000,3.84431591796875,-2.961214303970337,0.08907687664031982,2.888132333755493
1761383471169386200,3.85438623046875,-0.21667452156543732,-0.7780377268791199,2.6639344692230225
1761383471179455000,3.864455078125,2.2929046154022217,-1.618531584739685,1.8879209756851196
1761383471189525200,3.874525146484375,4.463561534881592,-2.327040672302246,0.8056768178939819
1761383471199594000,3.884593994140625,6.2287468910217285,-2.7819392681121826,-0.18501858413219452
1761383471209664000,3.8946640625,7.586601257324219,-2.934760570526123,-0.7971293926239014
1761383471219733000,3.90473291015625,8.599956512451172,-2.713456392288208,-1.071826696395874
1761383471229803000,3.914802978515625,9.241983413696289,-2.2908737659454346,-1.119860291481018
1761383471239872300,3.924872314453125,9.621602058410645,-1.736202359199524,-1.0909186601638794
1761383471249942000,3.93494189453125,9.874074935913086,-1.2462387084960938,-1.0010108947753906
1761383471260011300,3.94501123046875,10.058615684509277,-1.1116082668304443,-0.8140955567359924
1761383471270081000,3.9550810546875,10.214877128601074,-1.5502142906188965,-0.5420978665351868
1761383471280150300,3.965150390625,10.311213493347168,-2.6281611919403076,-0.1829056292772293
1761383471290220000,3.975219970703125,10.270482063293457,-3.9131855964660645,0.3555152118206024
1761383471300289300,3.985289306640625,9.784062385559082,-4.884191036224365,1.2699341773986816
1761383471310359000,3.995359130859375,8.594684600830078,-4.919983386993408,2.351489305496216
1761383471320429000,4.005428955078125,6.580804347991943,-4.056657314300537,3.176732301712036
1761383471330498300,4.015498291015625,3.9756619930267334,-2.687297821044922,3.3802003860473633
1761383471340568000,4.025568115234375,1.176888108253479,-1.5057957172393799,2.977525234222412
1761383471350637300,4.03563720703125,-1.392149567604065,-0.7219187617301941,2.2768914699554443
1761383471360707000,4.04570703125,-3.559380054473877,-0.1683376133441925,1.2850767374038696
1761383471370776000,4.055776123046875,-5.326477527618408,0.4473346173763275,0.045285455882549286
1761383471380846000,4.06584619140625,-6.6811628341674805,0.8187774419784546,-1.193005919456482
1761383471390915000,4.0759150390625,-7.699680328369141,1.028403639793396,-2.1990203857421875
1761383471400985000,4.085985107421875,-8.506592750549316,1.224848747253418,-2.855607032775879
1761383471411054000,4.09605419921875,-9.210926055908203,1.464518666267395,-3.1651670932769775
1761383471421124000,4.1061240234375,-9.924849510192871,1.9122521877288818,-3.161714792251587
1761383471431193000,4.116193115234375,-10.738158226013184,2.5544028282165527,-2.837625741958618
1761383471441263000,4.12626318359375,-11.552059173583984,3.3767151832580566,-2.257934331893921
1761383471451332000,4.13633203125,-12.166790008544922,4.1534624099731445,-1.547710657119751
1761383471461402000,4.146402099609375,-12.327776908874512,4.516178607940674,-0.8167664408683777
1761383471471471000,4.15647119140625,-11.766350746154785,4.396637439727783,-0.13587075471878052
1761383471481541000,4.166541015625,-10.38364028930664,3.7567999362945557,0.4719313085079193
1761383471491610000,4.176610107421875,-8.20936107635498,2.6923704147338867,1.049406886100769
1761383471501680000,4.18668017578125,-5.385283946990967,1.6192240715026855,1.506920337677002
1761383471511750100,4.196750244140625,-2.335848808288574,0.6518707275390625,1.678603172302246
1761383471521819100,4.206819091796875,0.46758130192756653,-0.2424776256084442,1.458349347114563
1761383471531889200,4.21688916015625,2.9050164222717285,-0.8492043018341064,0.7354793548583984
1761383471541958100,4.226958251953125,4.964362144470215,-1.2572966814041138,-0.23769031465053558
1761383471552028200,4.237028076171875,6.567233562469482,-1.586991310119629,-1.0583966970443726
1761383471562097200,4.24709716796875,7.783155918121338,-1.70347261428833,-1.582073450088501
1761383471572167200,4.257167236328125,8.656307220458984,-1.5648984909057617,-1.8403092622756958
1761383471582236200,4.267236083984375,9.180770874023438,-1.2816689014434814,-1.9012138843536377
1761383471592306200,4.27730615234375,9.472379684448242,-0.9104852080345154,-1.885574460029602
1761383471602375000,4.287375,9.612068176269531,-0.7325913906097412,-1.8051267862319946
1761383471612445200,4.297445068359375,9.6349458694458,-0.8364224433898926,-1.647660732269287
1761383471622514000,4.307513916015625,9.580608367919922,-1.2097587585449219,-1.4160128831863403
1761383471632584200,4.317584228515625,9.368871688842773,-1.8996565341949463,-1.0101313591003418
1761383471642653200,4.327653076171875,8.85787296295166,-2.727376699447632,-0.3782269358634949
1761383471652723200,4.33772314453125,7.958545684814453,-3.2725441455841064,0.4597034156322479
1761383471662792200,4.347792236328125,6.621811389923096,-3.2562501430511475,1.3687680959701538
1761383471672862000,4.357862060546875,4.787674903869629,-2.7633163928985596,2.1011927127838135
1761383471682932200,4.36793212890625,2.5027718544006348,-1.9022057056427002,2.3966145515441895
1761383471693001000,4.3780009765625,0.014068680815398693,-0.8662229776382446,2.182358741760254
1761383471703071200,4.3880712890625,-2.402174711227417,0.0746995359659195,1.5285979509353638
1761383471713140000,4.398139892578125,-4.44256591796875,0.7714226841926575,0.6559850573539734
1761383471723210200,4.408210205078125,-6.016293525695801,1.300894021987915,-0.20059648156166077
1761383471733279200,4.418279296875,-7.1910176277160645,1.638094186782837,-0.8086124062538147
1761383471743349200,4.428349365234375,-8.045233726501465,1.86188805103302,-1.1464852094650269
1761383471753418200,4.438418212890625,-8.707440376281738,2.05979061126709,-1.2799232006072998
1761383471763488300,4.44848828125,-9.270312309265137,2.3061978816986084,-1.2703323364257812
1761383471773557200,4.45855712890625,-9.80930233001709,2.7343854904174805,-1.1204251050949097
1761383471783627300,4.468627197265625,-10.314906120300293,3.4470572471618652,-0.8216744065284729
1761383471793696300,4.4786962890625,-10.72504711151123,4.116887092590332,-0.4291849136352539
1761383471803766300,4.488766357421875,-10.807465553283691,4.408022880554199,-0.07539462298154831
1761383471813835300,4.498835205078125,-10.214664459228516,4.145129680633545,0.06042179837822914
1761383471823905300,4.5089052734375,-8.67910385131836,3.124833106994629,0.008458998054265976
1761383471833974300,4.518974365234375,-6.208581447601318,1.5298395156860352,-0.00706829596310854
1761383471844044300,4.529044189453125,-3.106660842895508,-0.32053861021995544,0.08791014552116394
1761383471854113300,4.53911328125,0.11943744868040085,-1.8334932327270508,0.24362491071224213
1761383471864183300,4.549183349609375,2.9491324424743652,-2.8335723876953125,0.2913846969604492
1761383471874252300,4.559252197265625,5.172569274902344,-3.260629892349243,0.0819593146443367
1761383471884322000,4.569322021484375,6.834575176239014,-3.3112940788269043,-0.31823602318763733
1761383471894392300,4.579392333984375,8.036169052124023,-3.08674955368042,-0.7126160860061646
1761383471904461300,4.58946142578125,8.89294147491455,-2.670680046081543,-1.0405057668685913
1761383471914531300,4.59953125,9.491105079650879,-2.2324960231781006,-1.252273678779602
1761383471924600300,4.609600341796875,9.904012680053711,-1.9048302173614502,-1.3593336343765259
1761383471934670300,4.61967041015625,10.1981782913208,-1.7634671926498413,-1.3676538467407227
1761383471944739300,4.6297392578125,10.377153396606445,-1.9119759798049927,-1.215650200843811
1761383471954809000,4.63980908203125,10.480622291564941,-2.365431070327759,-0.8471919894218445
1761383471964878300,4.64987841796875,10.497156143188477,-3.0089523792266846,-0.26965463161468506
1761383471974948000,4.659947998046875,10.146364212036133,-3.7062792778015137,0.5145818591117859
1761383471985017300,4.670017333984375,9.083478927612305,-4.034660339355469,1.4018813371658325
1761383471995087400,4.68008740234375,7.182513236999512,-3.7024128437042236,2.117778778076172
1761383472005156400,4.69015625,4.612281799316406,-2.7432897090911865,2.3651440143585205
1761383472015226400,4.700226318359375,1.6817535161972046,-1.5463016033172607,2.068821907043457
1761383472025295400,4.71029541015625,-1.2121587991714478,-0.5041462182998657,1.3941900730133057
1761383472035365400,4.720365478515625,-3.732858896255493,0.29246196150779724,0.5324292778968811
1761383472045434000,4.73043408203125,-5.763975143432617,0.9008051753044128,-0.3928961455821991
1761383472055504400,4.74050439453125,-7.338095664978027,1.1834957599639893,-1.2086378335952759
1761383472065574100,4.75057421875,-8.509244918823242,1.347959280014038,-1.7576450109481812
1761383472075643400,4.760643310546875,-9.416101455688477,1.4619539976119995,-2.0118978023529053
1761383472085713400,4.77071337890625,-10.198646545410156,1.679197072982788,-2.0003232955932617
1761383472095782400,4.780782470703125,-10.932388305664062,2.0910582542419434,-1.78606116771698
1761383472105852400,4.790852294921875,-11.58576488494873,2.5742990970611572,-1.37949800491333
1761383472115921200,4.800921142578125,-12.055883407592773,2.9185984134674072,-0.8206781148910522
1761383472125991400,4.810991455078125,-12.120052337646484,3.105362892150879,-0.25144556164741516
1761383472136060200,4.82106005859375,-11.538443565368652,3.099001169204712,0.2595175802707672
1761383472146130400,4.83113037109375,-10.1884126663208,2.7641563415527344,0.7771535515785217
1761383472156199200,4.84119921875,-8.114359855651855,2.0075621604919434,1.3086522817611694
1761383472166269200,4.851269287109375,-5.456075668334961,1.06913161277771,1.680996060371399
1761383472176338200,4.861338134765625,-2.570305109024048,0.11565922200679779,1.7432708740234375
1761383472186408200,4.871408203125,0.1180691123008728,-0.7837544679641724,1.4678853750228882
1761383472196477200,4.881477294921875,2.44145131111145,-1.4548848867416382,0.8742398619651794
1761383472206547200,4.891547119140625,4.362090110778809,-1.7975066900253296,0.13127359747886658
1761383472216616400,4.901616455078125,5.850609302520752,-1.8995912075042725,-0.4804704785346985
1761383472226686200,4.911686279296875,6.9483323097229,-1.7594424486160278,-0.8353148698806763
1761383472236755500,4.92175537109375,7.717756748199463,-1.438608169555664,-1.0157579183578491
1761383472246825200,4.9318251953125,8.221779823303223,-1.052380084991455,-1.1247469186782837
1761383472256894500,4.94189453125,8.558753967285156,-0.6100167632102966,-1.2478563785552979
1761383472266964200,4.951964111328125,8.770691871643066,-0.31962859630584717,-1.3531897068023682
1761383472277034200,4.9620341796875,8.940326690673828,-0.21594294905662537,-1.378365397453308
1761383472287103200,4.972103271484375,9.111695289611816,-0.3947254717350006,-1.2886093854904175
1761383472297173200,4.98217333984375,9.22949504852295,-1.0240751504898071,-1.044842004776001
1761383472307242500,4.992242431640625,9.20298957824707,-1.9689394235610962,-0.5911099314689636
1761383472317312300,5.002312255859375,8.819263458251953,-2.9614310264587402,0.07828015834093094
1761383472327381200,5.01238134765625,7.898311614990234,-3.572748899459839,0.9106178879737854
1761383472337451300,5.022451171875,6.326732158660889,-3.547121524810791,1.7223008871078491
1761383472347520300,5.032520263671875,4.187150001525879,-2.9361703395843506,2.2593631744384766
1761383472357590300,5.04259033203125,1.6827797889709473,-2.0590875148773193,2.340031385421753
1761383472367659300,5.0526591796875,-0.9245840311050415,-1.0744686126708984,1.9186272621154785
1761383472377729300,5.062729248046875,-3.3337044715881348,-0.14159947633743286,1.0979853868484497
1761383472387798300,5.07279833984375,-5.3499650955200195,0.6196920275688171,0.08985079079866409
1761383472397868000,5.082867919921875,-6.941030025482178,1.179410457611084,-0.8814994096755981
1761383472407937300,5.092937255859375,-8.185683250427246,1.5522003173828125,-1.6148759126663208
1761383472418007300,5.10300732421875,-9.177962303161621,1.93667733669281,-2.0551412105560303
1761383472428076300,5.113076171875,-10.03353500366211,2.4420156478881836,-2.199822425842285
1761383472438146300,5.123146240234375,-10.832079887390137,3.0345005989074707,-2.0237128734588623
1761383472448216300,5.13321630859375,-11.556565284729004,3.7119178771972656,-1.5653154850006104
1761383472458285300,5.143285400390625,-12.119817733764648,4.27088737487793,-0.9112231731414795
1761383472468355000,5.15335498046875,-12.298288345336914,4.316245079040527,-0.2058977633714676
1761383472478424300,5.16342431640625,-11.774690628051758,3.595679521560669,0.4662984609603882
1761383472488494000,5.173494140625,-10.239352226257324,2.6134767532348633,1.0400190353393555
1761383472498563300,5.183563232421875,-7.789000511169434,1.5028412342071533,1.654694676399231
1761383472508633300,5.19363330078125,-5.016966342926025,0.26148486137390137,2.361787796020508
1761383472518702300,5.203702392578125,-2.3033087253570557,-0.5962628722190857,2.922549247741699
1761383472528772400,5.2137724609375,0.07212825864553452,-1.0807530879974365,3.1671841144561768
1761383472538841300,5.22384130859375,1.99563467502594,-1.2530865669250488,3.06280779838562
1761383472548909300,5.233909423828125,3.545464515686035,-1.0278773307800293,2.667797803878784
1761383472558978300,5.243978271484375,4.750741481781006,-0.6312858462333679,2.062976360321045
1761383472569048000,5.254048095703125,5.688130855560303,-0.16725610196590424,1.3028758764266968
1761383472579117300,5.264117431640625,6.435033321380615,0.15582555532455444,0.4472656548023224
1761383472589187300,5.274187255859375,7.06658411026001,0.20157599449157715,-0.36615508794784546
1761383472599256300,5.28425634765625,7.633842468261719,0.1536628007888794,-1.0843247175216675
1761383472609326300,5.294326416015625,8.13813304901123,0.021579593420028687,-1.6411043405532837
1761383472619395300,5.304395263671875,8.577818870544434,-0.2271212935447693,-1.9917843341827393
1761383472629465300,5.31446533203125,8.994253158569336,-0.6118399500846863,-2.176482677459717
1761383472639534300,5.324534423828125,9.370939254760742,-1.194111943244934,-2.2320713996887207
1761383472649604400,5.334604248046875,9.551794052124023,-2.122654676437378,-2.124676465988159
1761383472659673000,5.344673095703125,9.339578628540039,-3.145063638687134,-1.7990294694900513
1761383472669743400,5.354743408203125,8.550901412963867,-3.710952043533325,-1.2575023174285889
1761383472679812000,5.36481201171875,7.060944557189941,-3.577622890472412,-0.5737985372543335
1761383472689882400,5.37488232421875,4.843269348144531,-2.933544635772705,0.06389003247022629
1761383472699951000,5.384951171875,2.1692209243774414,-1.8698594570159912,0.4292653501033783
1761383472710021400,5.395021484375,-0.6768857836723328,-0.6405150294303894,0.44090068340301514
1761383472720091400,5.40509130859375,-3.3577239513397217,0.49873870611190796,0.17359575629234314
1761383472730156500,5.415156494140625,-5.586435317993164,1.366065502166748,-0.1713922619819641
1761383472740226600,5.4252265625,-7.35353422164917,1.8865134716033936,-0.4626147747039795
1761383472750295300,5.43529541015625,-8.698798179626465,2.17264461517334,-0.6358717679977417
1761383472760365600,5.445365478515625,-9.71484375,2.434824228286743,-0.6961236596107483
1761383472770434300,5.455434326171875,-10.508633613586426,2.7292089462280273,-0.6482493281364441
1761383472780504600,5.465504638671875,-11.096643447875977,2.930745840072632,-0.4950912296772003
1761383472790573600,5.475573486328125,-11.359424591064453,2.9114866256713867,-0.3070262670516968
1761383472800643300,5.485643310546875,-11.154837608337402,2.614398241043091,-0.1250987946987152
1761383472810712600,5.495712646484375,-10.325804710388184,1.9556111097335815,0.13146615028381348
1761383472820782300,5.5057822265625,-8.881019592285156,0.8677750825881958,0.538191556930542
1761383472830851600,5.5158515625,-6.727843761444092,0.06269720196723938,0.9570868015289307
1761383472840921300,5.52592138671875,-4.0750017166137695,-0.5276981592178345,1.4075442552566528
1761383472850990600,5.535990478515625,-1.516327977180481,-1.2256293296813965,1.8698303699493408
1761383472861060400,5.546060302734375,0.7570109963417053,-1.5864884853363037,2.120844602584839
1761383472871129600,5.556129638671875,2.732996702194214,-1.4473345279693604,2.088585376739502
1761383472881199600,5.56619970703125,4.362014293670654,-1.1073495149612427,1.8588252067565918
1761383472891268600,5.5762685546875,5.664219856262207,-0.7781714200973511,1.442413568496704
1761383472901338600,5.586338623046875,6.6785569190979,-0.4354369640350342,0.841547966003418
1761383472911407400,5.596407470703125,7.440332889556885,-0.08130710572004318,0.13436099886894226
1761383472921477600,5.6064775390625,7.996947288513184,0.21169307827949524,-0.5348237156867981
1761383472931546400,5.61654638671875,8.447041511535645,0.4216678738594055,-1.0736302137374878
1761383472941616600,5.62661669921875,8.86141586303711,0.5411109328269958,-1.4542078971862793
1761383472951686400,5.636686279296875,9.24842643737793,0.48436641693115234,-1.6717159748077393
1761383472961755400,5.64675537109375,9.643377304077148,0.17095735669136047,-1.7487908601760864
1761383472971825700,5.65682568359375,9.99830436706543,-0.5747485160827637,-1.6844462156295776
1761383472981894400,5.666894287109375,10.183523178100586,-1.6317342519760132,-1.445103406906128
1761383472991964700,5.676964599609375,9.956510543823242,-2.6961171627044678,-1.038129448890686
1761383473002033400,5.687033447265625,9.05948257446289,-3.3233959674835205,-0.4362817108631134
1761383473012103700,5.697103759765625,7.314045429229736,-3.32366681098938,0.23546737432479858
1761383473022172400,5.70717236328125,4.860247611999512,-2.6358485221862793,0.7451127767562866
1761383473032242400,5.717242431640625,2.0047242641448975,-1.441455364227295,0.895348072052002
1761383473042311400,5.7273115234375,-0.9597265720367432,-0.13638420403003693,0.5908046960830688
1761383473052381400,5.73738134765625,-3.628021240234375,0.9170898795127869,-0.006803577765822411
1761383473062450400,5.747450439453125,-5.801243305206299,1.6036908626556396,-0.6476165652275085
1761383473072520400,5.7575205078125,-7.501941680908203,1.963714838027954,-1.1942373514175415
1761383473082589400,5.76758935546875,-8.765881538391113,2.2313084602355957,-1.6017440557479858
1761383473092659500,5.777659423828125,-9.753317832946777,2.4858205318450928,-1.8284486532211304
1761383473102728400,5.787728515625,-10.566640853881836,2.764157772064209,-1.8658684492111206
1761383473112798500,5.797798583984375,-11.226056098937988,2.995169162750244,-1.779840111732483
1761383473122867700,5.80786767578125,-11.644584655761719,2.982344388961792,-1.641115427017212
1761383473132937500,5.8179375,-11.604304313659668,2.587914228439331,-1.4430516958236694
1761383473143007500,5.828007568359375,-10.958844184875488,1.6939529180526733,-1.1053739786148071
1761383473153076500,5.838076416015625,-9.626517295837402,0.5891894698143005,-0.5537194013595581
1761383473163146500,5.848146484375,-7.420187950134277,-0.05163230001926422,0.20171581208705902
1761383473173215500,5.858215576171875,-4.499171257019043,-0.20390652120113373,1.176264762878418
1761383473183285500,5.868285400390625,-1.610662817955017,-0.4771369993686676,2.170140504837036
1761383473193355500,5.87835546875,0.9101116061210632,-0.6163183450698853,2.6153969764709473
1761383473203424500,5.888424560546875,3.1460988521575928,-0.5509867072105408,2.3917627334594727
1761383473213494500,5.89849462890625,5.011476993560791,-0.5891599655151367,1.8759551048278809
1761383473223563500,5.9085634765625,6.515954494476318,-0.5565996170043945,1.3139560222625732
1761383473233633500,5.918633544921875,7.659084320068359,-0.2852117717266083,0.7376194596290588
1761383473243702500,5.92870263671875,8.436708450317383,0.09073842316865921,0.20369160175323486
1761383473253772500,5.9387724609375,8.982050895690918,0.416847825050354,-0.23555420339107513
1761383473263841300,5.94884130859375,9.448871612548828,0.566737174987793,-0.5178748369216919
1761383473273911600,5.95891162109375,9.897602081298828,0.4030422568321228,-0.6363335847854614
1761383473283980300,5.968980224609375,10.322364807128906,-0.1554252803325653,-0.5784766674041748
1761383473294050600,5.979050537109375,10.589326858520508,-1.0008031129837036,-0.2994469106197357
1761383473304119600,5.98911962890625,10.460030555725098,-1.9242379665374756,0.21728411316871643
1761383473314189300,5.999189208984375,9.719301223754883,-2.5780844688415527,0.9169207811355591
1761383473324259600,6.009259521484375,8.322322845458984,-2.6509227752685547,1.587205171585083
1761383473334328300,6.019328369140625,6.268159866333008,-2.226522922515869,2.0803985595703125
1761383473344398600,6.029398681640625,3.778903007507324,-1.4986199140548706,2.2722327709198
1761383473354467300,6.03946728515625,1.1843044757843018,-0.5978178977966309,2.096681833267212
1761383473364537600,6.04953759765625,-1.2881382703781128,0.13687662780284882,1.612237811088562
1761383473374606300,6.0596064453125,-3.345775842666626,0.6379415988922119,0.9440250992774963
1761383473384676400,6.06967626953125,-4.9429931640625,0.857305109500885,0.20362237095832825
1761383473394745600,6.07974560546875,-6.14158296585083,0.79305499792099,-0.5126569271087646
1761383473404815400,6.0898154296875,-7.023142337799072,0.6089163422584534,-1.1710872650146484
1761383473414884600,6.099884521484375,-7.730339527130127,0.5448659658432007,-1.7612026929855347
1761383473424954400,6.109954345703125,-8.406204223632812,0.8073434233665466,-2.2773654460906982
1761383473435023600,6.120023681640625,-9.131441116333008,1.3711092472076416,-2.657095193862915
1761383473445093400,6.13009326171875,-9.852666854858398,1.9083175659179688,-2.932549238204956
1761383473455162600,6.14016259765625,-10.36030387878418,2.1788690090179443,-3.095832109451294
1761383473465232400,6.150232421875,-10.414685249328613,2.0916740894317627,-3.025392770767212
1761383473475301600,6.160301513671875,-9.845149993896484,1.594622015953064,-2.6010265350341797
1761383473485371600,6.17037158203125,-8.498653411865234,0.8939003944396973,-1.9219024181365967
1761383473495440400,6.1804404296875,-6.381246566772461,0.4794691205024719,-1.0023163557052612
1761383473505510700,6.1905107421875,-3.7939653396606445,0.27422037720680237,0.16712135076522827
1761383473515579400,6.200579345703125,-1.192035436630249,0.032102808356285095,1.102988362312317
1761383473525649700,6.210649658203125,1.2389425039291382,-0.2926989793777466,1.413495421409607
1761383473535719400,6.220719482421875,3.5222840309143066,-0.621569037437439,1.2834023237228394
1761383473545788400,6.230788330078125,5.489107131958008,-0.8209747672080994,1.0360386371612549
1761383473555858400,6.2408583984375,7.034399032592773,-0.7292262315750122,0.8079109191894531
1761383473565927400,6.250927490234375,8.207447052001953,-0.27114975452423096,0.5859795808792114
1761383473575997700,6.260997802734375,9.046095848083496,0.2655981183052063,0.402021199464798
1761383473586066400,6.27106640625,9.654730796813965,0.6441494226455688,0.2675270438194275
1761383473596136400,6.281136474609375,10.189802169799805,0.6265959739685059,0.1452791690826416
1761383473606205400,6.291205322265625,10.621672630310059,0.06229746341705322,0.06881900876760483
1761383473616275500,6.301275390625,10.79068374633789,-0.772501528263092,0.03262585401535034
1761383473626344400,6.311344482421875,10.555367469787598,-1.5451914072036743,0.15879710018634796
1761383473636414500,6.32141455078125,9.79093074798584,-1.8133392333984375,0.5506506562232971
1761383473646483500,6.3314833984375,8.3832426071167,-1.5558849573135376,1.1160224676132202
1761383473656553500,6.341553466796875,6.3641157150268555,-1.011141300201416,1.6275906562805176
1761383473666622500,6.35162255859375,4.016499042510986,-0.320539653301239,1.8628231287002563
1761383473676692500,6.3616923828125,1.6257597208023071,0.2801123559474945,1.7965692281723022
1761383473686761500,6.371761474609375,-0.6293691396713257,0.6651023626327515,1.497128963470459
1761383473696831500,6.38183154296875,-2.5504634380340576,0.8176897764205933,1.0176057815551758
1761383473706900500,6.391900390625,-4.073310375213623,0.7428925037384033,0.44718948006629944
1761383473716970500,6.401970458984375,-5.227561950683594,0.5409295558929443,-0.198674738407135
1761383473727043300,6.412043212890625,-6.1053786277771,0.3684752285480499,-0.9017822742462158
1761383473737113600,6.422113525390625,-6.848261833190918,0.4267904758453369,-1.5750586986541748
1761383473747182300,6.432182373046875,-7.572427749633789,0.7380514144897461,-2.1054859161376953
1761383473757252400,6.44225244140625,-8.39725112915039,1.21632719039917,-2.4442243576049805
1761383473767322400,6.452322265625,-9.344592094421387,1.8082515001296997,-2.58261775970459
1761383473777391400,6.462391357421875,-10.324784278869629,2.406345844268799,-2.5002472400665283
1761383473787461400,6.47246142578125,-11.113151550292969,2.953303098678589,-2.2689993381500244
1761383473797530400,6.4825302734375,-11.319984436035156,3.6053147315979004,-1.7566982507705688
1761383473807600400,6.492600341796875,-10.642608642578125,3.989133358001709,-0.7870352268218994
1761383473817669400,6.50266943359375,-8.995753288269043,3.661513566970825,0.3877277672290802
1761383473827739400,6.512739501953125,-6.540856838226318,2.7106008529663086,1.3194031715393066
1761383473837808400,6.522808349609375,-3.5559282302856445,1.4827916622161865,1.7059885263442993
1761383473847878400,6.53287841796875,-0.33503684401512146,0.3746276795864105,1.5349498987197876
1761383473857947400,6.542947509765625,2.6064181327819824,-0.5562906861305237,1.0800013542175293
1761383473868017400,6.553017333984375,5.0128021240234375,-1.2179572582244873,0.6368089318275452
1761383473878086400,6.56308642578125,6.811966419219971,-1.4868718385696411,0.28946617245674133
1761383473888156400,6.573156494140625,8.024147987365723,-1.4969838857650757,0.03585254028439522
1761383473898225400,6.583225341796875,8.7595796585083,-1.1700944900512695,-0.1945015788078308
1761383473908295400,6.59329541015625,9.188857078552246,-0.6500325798988342,-0.41779324412345886
1761383473918364200,6.6033642578125,9.425627708435059,-0.2108624428510666,-0.5875220894813538
1761383473928434400,6.613434326171875,9.547807693481445,-0.09563038498163223,-0.6583784222602844
1761383473938503200,6.623503173828125,9.627768516540527,-0.3238803446292877,-0.6304352283477783
1761383473948573400,6.633573486328125,9.609889030456543,-0.942119836807251,-0.39824962615966797
1761383473958642200,6.64364208984375,9.35268783569336,-1.6871039867401123,0.11924330145120621
1761383473968712400,6.65371240234375,8.730264663696289,-2.168515205383301,0.901695728302002
1761383473978781400,6.663781494140625,7.574305057525635,-2.4409165382385254,1.7803759574890137
1761383473988851200,6.673851318359375,5.87971830368042,-2.569202184677124,2.5445690155029297
1761383473998920400,6.68392041015625,3.6024134159088135,-2.543064832687378,2.941363573074341
1761383474008990200,6.693990234375,0.8673335313796997,-2.0421998500823975,2.729954242706299
1761383474019059500,6.7040595703125,-1.9335066080093384,-1.0981252193450928,1.9415690898895264
1761383474029129200,6.714129150390625,-4.534823417663574,0.23521864414215088,1.0411015748977661
1761383474039199200,6.72419921875,-6.8176798820495605,1.6851937770843506,0.24090848863124847
1761383474049268200,6.734268310546875,-8.666189193725586,2.893448829650879,-0.2709774374961853
1761383474059338200,6.744338134765625,-10.132015228271484,3.65822696685791,-0.4000890851020813
1761383474069407500,6.754407470703125,-11.238903999328613,4.12874174118042,-0.28558674454689026
1761383474079477200,6.764477294921875,-12.03302001953125,4.436486721038818,-0.01432008296251297
1761383474089546500,6.77454638671875,-12.463663101196289,4.439523696899414,0.3092622458934784
1761383474099616300,6.7846162109375,-12.274362564086914,3.9610252380371094,0.5701960921287537
1761383474109685500,6.794685546875,-11.291332244873047,3.2295353412628174,0.7596704363822937
1761383474119755300,6.80475537109375,-9.681463241577148,2.6144187450408936,0.7759791016578674
1761383474129824500,6.814824462890625,-7.564709186553955,2.084935188293457,0.6667050719261169
1761383474139894300,6.824894287109375,-5.0531816482543945,1.470742106437683,0.4239659309387207
1761383474149963300,6.83496337890625,-2.41696834564209,0.6571155786514282,0.06504717469215393
1761383474160033500,6.845033447265625,0.07192878425121307,-0.3129696249961853,-0.3905341923236847
1761383474170102300,6.855102294921875,2.171246290206909,-1.0921045541763306,-0.9327386021614075
1761383474180172500,6.865172607421875,3.738168478012085,-1.518998146057129,-1.4655492305755615
1761383474190241300,6.8752412109375,4.724979400634766,-1.5555601119995117,-1.8672399520874023
1761383474200311300,6.885311279296875,5.161615371704102,-1.286036491394043,-2.126319646835327
1761383474210380300,6.89538037109375,5.148307800292969,-0.8332189321517944,-2.338303565979004
1761383474220450300,6.9054501953125,4.793728351593018,-0.2438981533050537,-2.5543994903564453
1761383474230519300,6.915519287109375,4.188602924346924,0.350871741771698,-2.764392137527466
1761383474240589300,6.92558935546875,3.4838650226593018,0.917222261428833,-2.952798366546631
1761383474250658300,6.935658203125,2.7764596939086914,1.3951795101165771,-3.145016670227051
1761383474260728300,6.945728271484375,2.1223268508911133,1.7636533975601196,-3.3212296962738037
1761383474270797300,6.95579736328125,1.5722095966339111,2.0537335872650146,-3.4363484382629395
1761383474280867300,6.965867431640625,1.1347907781600952,2.1302638053894043,-3.4095077514648438
1761383474290936600,6.9759365234375,0.8184911012649536,1.991527795791626,-3.226836919784546
1761383474301006300,6.98600634765625,0.6191487312316895,1.7135862112045288,-2.9262030124664307
1761383474311076400,6.996076416015625,0.49881112575531006,1.3845322132110596,-2.6651341915130615
1761383474321145300,7.006145263671875,0.4538615047931671,1.2215235233306885,-2.45735239982605
1761383474331215400,7.01621533203125,0.38884416222572327,1.0558903217315674,-2.233049154281616
1761383474341284400,7.026284423828125,0.2762068212032318,0.7567502856254578,-1.943538784980774
1761383474351354400,7.036354248046875,0.14190679788589478,0.3476405143737793,-1.6001513004302979
1761383474361423400,7.04642333984375,-0.02359241060912609,0.037348970770835876,-1.3053427934646606
1761383474371493400,7.056493408203125,-0.185225248336792,-0.013705692254006863,-1.094242811203003
1761383474381562400,7.066562255859375,-0.3493172526359558,0.5877189040184021,-0.9482331275939941
1761383474391632400,7.07663232421875,-0.7313892245292664,1.3866586685180664,-0.7205419540405273
1761383474401701400,7.086701416015625,-0.9290162920951843,1.8321951627731323,-0.5667440891265869
1761383474411771400,7.096771484375,-1.0510889291763306,2.4848387241363525,-0.6027582883834839
1761383474421840400,7.10684033203125,-1.0970263481140137,2.8348238468170166,-0.7565129995346069
1761383474431910400,7.116910400390625,-1.0766315460205078,3.032407522201538,-1.0769511461257935
1761383474441979400,7.1269794921875,-1.0679270029067993,2.6824448108673096,-1.3913506269454956
1761383474452049200,7.137049072265625,-0.7266719937324524,1.8842107057571411,-1.620546579360962
1761383474462118400,7.147118408203125,-0.397235244512558,0.7450512647628784,-1.7322171926498413
1761383474472188400,7.1571884765625,-0.38866519927978516,-0.42738407850265503,-1.740323781967163
1761383474482257400,7.16725732421875,-0.9761465191841125,-1.5852055549621582,-1.6846400499343872
1761383474492327400,7.177327392578125,-1.3077476024627686,-2.408421754837036,-1.9303020238876343
1761383474502396400,7.187396484375,-1.0771621465682983,-2.424924850463867,-2.257389545440674
1761383474512466400,7.197466552734375,-0.9191668629646301,-1.877795696258545,-2.362356185913086
1761383474522535400,7.207535400390625,-0.8953041434288025,-1.3404536247253418,-2.358100175857544
1761383474532605400,7.21760546875,-0.9284027218818665,-0.9779351353645325,-2.3459699153900146
1761383474542674200,7.227674072265625,-0.9651972055435181,-0.8048080801963806,-2.3640387058258057
1761383474552744400,7.237744384765625,-0.9680585265159607,-0.7197003960609436,-2.4028499126434326
1761383474562813200,7.247813232421875,-0.9626137018203735,-0.7187155485153198,-2.398942708969116
1761383474572883500,7.257883544921875,-0.9526976943016052,-0.7675573825836182,-2.332547903060913
1761383474582952200,7.2679521484375,-0.9469082355499268,-0.9693152904510498,-2.2117748260498047
1761383474593022500,7.2780224609375,-0.9532715678215027,-1.380099892616272,-2.047311544418335
1761383474603092500,7.288092529296875,-0.9498776197433472,-1.543285846710205,-1.8661885261535645
1761383474613161200,7.2981611328125,-0.8621291518211365,-1.7228760719299316,-1.7478193044662476
1761383474623231500,7.3082314453125,-0.7271407246589661,-1.8415780067443848,-1.711930751800537
1761383474633300200,7.31830029296875,-0.5646508932113647,-1.8814865350723267,-1.7288522720336914
1761383474643370500,7.32837060546875,-0.40151920914649963,-1.8089942932128906,-1.7452088594436646
1761383474653439200,7.338439208984375,-0.2668021321296692,-1.6503074169158936,-1.6962463855743408
1761383474663509200,7.34850927734375,-0.18021371960639954,-1.4395732879638672,-1.4857701063156128
1761383474673578200,7.358578125,-0.17726773023605347,-1.2225501537322998,-1.1715219020843506
1761383474683648300,7.368648193359375,-0.3097440004348755,-0.8976495862007141,-0.9017305970191956
1761383474693717200,7.37871728515625,-0.3454146683216095,-0.6654360890388489,-0.4806603491306305
1761383474703787300,7.388787353515625,-0.3189082145690918,-0.5223169922828674,-0.026150643825531006
1761383474713856500,7.3988564453125,-0.26410701870918274,-0.46122780442237854,0.3806120455265045
1761383474723922400,7.40892236328125,-0.20194430649280548,-0.3736364245414734,0.7343224287033081
1761383474733991400,7.418991455078125,-0.16263365745544434,-0.24792538583278656,0.974009096622467
1761383474744061400,7.4290615234375,-0.14214248955249786,-0.15791985392570496,1.0832756757736206
1761383474754130700,7.439130615234375,-0.12055490911006927,-0.09046784788370132,1.0588278770446777
1761383474764200400,7.449200439453125,-0.11071079969406128,-0.04933426156640053,0.9328336715698242
1761383474774269700,7.459269775390625,-0.13388270139694214,-0.055264852941036224,0.7542612552642822
1761383474784339500,7.46933935546875,-0.2181808054447174,-0.09607460349798203,0.5471709370613098
1761383474794408400,7.479408447265625,-0.3225351572036743,-0.12058340758085251,0.36211907863616943
1761383474804478500,7.489478515625,-0.3977702558040619,-0.19483979046344757,0.21029572188854218
1761383474814547500,7.49954736328125,-0.4310331642627716,-0.26009681820869446,0.10419484227895737
1761383474824617500,7.509617431640625,-0.432833194732666,-0.27231860160827637,0.05083708092570305
1761383474834686500,7.5196865234375,-0.3924995958805084,-0.1688939481973648,0.04532540217041969
1761383474844756500,7.529756591796875,-0.32391390204429626,-0.02407417632639408,0.09161007404327393
1761383474854825500,7.539825439453125,-0.213018000125885,0.10179959982633591,0.17475183308124542
1761383474864895500,7.5498955078125,-0.10044431686401367,0.16746382415294647,0.26871800422668457
1761383474874964500,7.559964599609375,-0.04361618682742119,0.1773337721824646,0.34855958819389343
1761383474885034500,7.570034423828125,-0.04831879585981369,0.12823812663555145,0.39776548743247986
1761383474895103500,7.580103515625,-0.09848609566688538,0.08032839745283127,0.41755062341690063
1761383474905173500,7.590173583984375,-0.1596839427947998,0.07183025032281876,0.4082165062427521
1761383474915242500,7.600242431640625,-0.2215435802936554,0.10804098099470139,0.40296557545661926
1761383474925312500,7.6103125,-0.2522261142730713,0.13053856790065765,0.4048774540424347
1761383474935382300,7.62038232421875,-0.2407231330871582,0.13993605971336365,0.43794405460357666
1761383474945451500,7.630451416015625,-0.19553834199905396,0.1554873287677765,0.510846734046936
1761383474955521500,7.640521484375,-0.13802391290664673,0.19066421687602997,0.6087280511856079
1761383474965590500,7.650590576171875,-0.09864161908626556,0.2649531066417694,0.7162294983863831
1761383474975660500,7.66066064453125,-0.08863852173089981,0.3078235983848572,0.8081924319267273
1761383474985729500,7.6707294921875,-0.0859612450003624,0.295844703912735,0.8710792660713196
1761383474995799600,7.680799560546875,-0.08008497953414917,0.27822816371917725,0.8961294889450073
1761383475005868500,7.69086865234375,-0.09176240861415863,0.2934233546257019,0.8818511962890625
1761383475015938600,7.7009384765625,-0.10983701795339584,0.30567842721939087,0.8379753232002258
1761383475026007300,7.71100732421875,-0.13502094149589539,0.3276684284210205,0.7761852145195007
1761383475036077600,7.72107763671875,-0.1687200367450714,0.32324808835983276,0.7100716829299927
1761383475046146300,7.731146240234375,-0.19678150117397308,0.2436440885066986,0.6485990285873413
1761383475056216600,7.741216552734375,-0.21726760268211365,0.11083011329174042,0.585476815700531
1761383475066285300,7.751285400390625,-0.2329413741827011,-0.01920325495302677,0.5003349781036377
1761383475076355600,7.76135546875,-0.24444863200187683,-0.11769121140241623,0.4068250060081482
1761383475086424600,7.771424560546875,-0.25701475143432617,-0.1979554295539856,0.3181353509426117
1761383475096494300,7.781494384765625,-0.271145761013031,-0.24628061056137085,0.255084753036499
1761383475106563600,7.7915634765625,-0.260124534368515,-0.2736789584159851,0.21339216828346252
1761383475116633300,7.80163330078125,-0.23114906251430511,-0.3263900876045227,0.1741771250963211
1761383475126702600,7.81170263671875,-0.20221461355686188,-0.3763273060321808,0.14608636498451233
1761383475136772400,7.8217724609375,-0.19505897164344788,-0.42851272225379944,0.11213133484125137
1761383475146841600,7.831841552734375,-0.1993245631456375,-0.4819495975971222,0.0893876701593399
1761383475156911400,7.841911376953125,-0.2103620320558548,-0.5017600655555725,0.06885310262441635
1761383475166980600,7.851980712890625,-0.21671873331069946,-0.4824182987213135,0.04201669245958328
1761383475177050600,7.862050537109375,-0.22151774168014526,-0.4494931101799011,0.0002892192860599607
1761383475187119400,7.872119384765625,-0.2376604974269867,-0.42740991711616516,-0.052132975310087204
1761383475197189600,7.882189697265625,-0.21560658514499664,-0.4068303406238556,-0.07976726442575455
1761383475207258400,7.89225830078125,-0.18579517304897308,-0.3580223321914673,-0.0832325741648674
1761383475217328600,7.90232861328125,-0.1448216289281845,-0.32327234745025635,-0.07432376593351364
1761383475227397400,7.9123974609375,-0.10427740216255188,-0.30971232056617737,-0.05146052688360214
1761383475237467600,7.922467529296875,-0.08550851047039032,-0.28899505734443665,-0.029947511851787567
1761383475247536400,7.932536376953125,-0.0594332329928875,-0.26656749844551086,-0.006624080706387758
1761383475257606400,7.9426064453125,-0.026125876232981682,-0.21044617891311646,0.01883387565612793
1761383475267675400,7.95267529296875,0.010268350131809711,-0.14475399255752563,0.03913142532110214
1761383475277745400,7.962745361328125,0.022835541516542435,-0.14288391172885895,0.04747696965932846
1761383475287814400,7.972814453125,0.037164147943258286,-0.1410018652677536,0.0457291379570961
1761383475297884400,7.982884521484375,0.03731514886021614,-0.09181327372789383,0.04873238503932953
1761383475307953700,7.99295361328125,0.03422588109970093,-0.04169578105211258,0.04225264862179756
1761383475318023400,8.0030234375,0.03394438326358795,-0.014013820327818394,0.03672552481293678
1761383475328093400,8.013093505859375,0.03111157938838005,0.0020216056145727634,0.04120416194200516
1761383475338162400,8.023162353515625,0.027047596871852875,0.012309130281209946,0.03350416570901871
1761383475348232400,8.033232421875,0.03199814632534981,-0.007819839753210545,0.023547936230897903
1761383475358301400,8.043301513671874,0.03437608480453491,-0.033482059836387634,0.025286979973316193
1761383475368371500,8.053371337890624,0.037276796996593475,-0.05053561180830002,0.03616652637720108
1761383475378440400,8.0634404296875,0.033782731741666794,-0.061222076416015625,0.05433088168501854
1761383475388510500,8.073510498046875,0.02430773712694645,-0.059833504259586334,0.07311256229877472
1761383475398579700,8.083579833984375,0.013079849071800709,-0.05253484845161438,0.08128367364406586
1761383475408649500,8.0936494140625,0.0030482541769742966,-0.06051900237798691,0.07505986094474792
1761383475418718500,8.103718505859375,0.0010772485984489322,-0.08315667510032654,0.05662093311548233
1761383475428788500,8.11378857421875,-0.004708202555775642,-0.08969473093748093,0.04838510975241661
1761383475438857500,8.123857421875,-0.014844459481537342,-0.09742242842912674,0.0420537106692791
1761383475448927500,8.133927490234376,-0.02533065713942051,-0.1069570779800415,0.029736056923866272
1761383475458996500,8.14399658203125,-0.01601571775972843,-0.10534453392028809,0.013848704285919666
1761383475469066500,8.15406640625,-0.0027947211638092995,-0.08945504575967789,0.018064487725496292
1761383475479135500,8.164135498046875,-0.004862132947891951,-0.07883995026350021,0.03257445618510246
1761383475489205500,8.17420556640625,-0.01690521463751793,-0.07446224987506866,0.04812971130013466
1761383475499274500,8.1842744140625,-0.02388402819633484,-0.0635819062590599,0.051477838307619095
1761383475509344500,8.194344482421876,-0.025667013600468636,-0.06100183352828026,0.04737843573093414
1761383475519413500,8.20441357421875,-0.01938648149371147,-0.05974429100751877,0.04458637535572052
1761383475529483500,8.2144833984375,-0.005234176758676767,-0.05584808439016342,0.04717949777841568
1761383475539552500,8.224552490234375,0.002668221015483141,-0.038475751876831055,0.06035921350121498
1761383475549622500,8.23462255859375,0.0035055188927799463,-0.026573820039629936,0.07991240918636322
1761383475559691500,8.24469140625,-0.0021310613956302404,-0.012425510212779045,0.09267587214708328
1761383475569761500,8.254761474609374,-0.005230980925261974,-0.006340720225125551,0.08637004345655441
1761383475579830500,8.26483056640625,0.003546797903254628,-0.0003981425834354013,0.08217716217041016
1761383475589900500,8.274900634765626,0.014880412258207798,0.00185063062235713,0.0853457897901535
1761383475599969300,8.28496923828125,0.012899553403258324,-0.011195396073162556,0.09351211041212082
1761383475610039600,8.29503955078125,0.008320247754454613,-0.0010058758780360222,0.10389816761016846
1761383475620108300,8.3051083984375,0.0032858080230653286,0.018818961456418037,0.11173718422651291
1761383475630178600,8.315178466796874,-0.0035329493694007397,0.02490934357047081,0.11271350085735321
1761383475640247600,8.32524755859375,-0.010459565557539463,0.04037325456738472,0.10138440877199173
1761383475650317300,8.3353173828125,-0.010617490857839584,0.05264376848936081,0.08146290481090546
1761383475660386600,8.345386474609375,-0.014254570007324219,0.049797650426626205,0.06459630280733109
1761383475670456300,8.355456298828125,0.0006825681775808334,0.039984699338674545,0.06425409018993378
1761383475680525600,8.365525634765625,0.01799045130610466,0.02208346500992775,0.07499035447835922
1761383475690595300,8.37559521484375,0.021707160398364067,0.018326809629797935,0.09196987003087997
1761383475700664600,8.38566455078125,0.02191275544464588,0.02984205074608326,0.0926244780421257
1761383475710734300,8.395734375,0.020070115104317665,0.0359412245452404,0.08115876466035843
1761383475720803600,8.405803466796876,0.009844374842941761,0.038228344172239304,0.05999089777469635
1761383475730873900,8.415873779296875,0.006931941956281662,0.03579474985599518,0.04385081306099892
1761383475740942600,8.425942626953125,0.016758739948272705,0.02510002627968788,0.03798945993185043
1761383475751012900,8.436012939453125,0.020300477743148804,0.019531888887286186,0.04512939602136612
1761383475761081600,8.44608154296875,0.01980273239314556,0.034749723970890045,0.0596497468650341
1761383475771152000,8.45615185546875,0.01937476359307766,0.06851035356521606,0.09095919877290726
1761383475781221600,8.4662216796875,0.006013950332999229,0.10329575836658478,0.13018223643302917
1761383475791291000,8.476290771484376,-0.008953015320003033,0.09783095866441727,0.13165177404880524
1761383475801361000,8.48636083984375,-0.014158962294459343,0.07709771394729614,0.10770835727453232
1761383475811429600,8.4964296875,-0.02010047435760498,0.05649762973189354,0.058876100927591324
1761383475821500000,8.5065,-0.011464109644293785,0.035656530410051346,-0.0042719766497612
1761383475831568600,8.516568603515625,-0.012020709924399853,0.024327976629137993,-0.06197761744260788
1761383475841639000,8.526638916015624,-0.006197175942361355,0.022464562207460403,-0.10687185823917389
1761383475851707600,8.536707763671876,-0.005357747431844473,0.014055631123483181,-0.13401079177856445
1761383475861777700,8.546777587890626,-0.018150774762034416,-0.00688959751278162,-0.13617967069149017
1761383475871846700,8.5568466796875,-0.02787024714052677,-0.0326136015355587,-0.1104775071144104
